dataset_name,best_model,score,attr_conc.mean,attr_conc.sd,attr_ent.mean,attr_ent.sd,attr_to_inst,best_node.mean,best_node.sd,can_cor.mean,can_cor.sd,cat_to_num,class_conc.mean,class_conc.sd,class_ent,cor.mean,cor.sd,cov.mean,cov.sd,eigenvalues.mean,eigenvalues.sd,elite_nn.mean,elite_nn.sd,eq_num_attr,freq_class.mean,freq_class.sd,g_mean.mean,g_mean.sd,gravity,h_mean.mean,h_mean.sd,inst_to_attr,iq_range.mean,iq_range.sd,joint_ent.mean,joint_ent.sd,kurtosis.mean,kurtosis.sd,leaves,leaves_branch.mean,leaves_branch.sd,leaves_corrob.mean,leaves_corrob.sd,leaves_homo.mean,leaves_homo.sd,leaves_per_class.mean,leaves_per_class.sd,lh_trace,linear_discr.mean,linear_discr.sd,mad.mean,mad.sd,max.mean,max.sd,mean.mean,mean.sd,median.mean,median.sd,min.mean,min.sd,mut_inf.mean,mut_inf.sd,naive_bayes.mean,naive_bayes.sd,nodes,nodes_per_attr,nodes_per_inst,nodes_per_level.mean,nodes_per_level.sd,nodes_repeated.mean,nodes_repeated.sd,nr_attr,nr_bin,nr_cat,nr_class,nr_cor_attr,nr_disc,nr_inst,nr_norm,nr_num,nr_outliers,ns_ratio,num_to_cat,one_nn.mean,one_nn.sd,p_trace,random_node.mean,random_node.sd,range.mean,range.sd,roy_root,sd.mean,sd.sd,sd_ratio,skewness.mean,skewness.sd,sparsity.mean,sparsity.sd,t_mean.mean,t_mean.sd,tree_depth.mean,tree_depth.sd,tree_imbalance.mean,tree_imbalance.sd,tree_shape.mean,tree_shape.sd,var.mean,var.sd,var_importance.mean,var_importance.sd,w_lambda,worst_node.mean,worst_node.sd,rows,columns,missing_percentage
breast_cancer_noisy,SVM,0.9825,0.1409630918639393,0.20822536666397237,2.9999844583036417,9.033620566533923e-16,0.05272407732864675,0.9051691729323308,0.027519849016822456,0.8755481160939744,0.0,0.0,0.04842332569432141,0.03788273683330159,0.9526351224018599,0.33374284677155064,0.27079547247737973,676.4714057232237,9367.7516625697,15063.218445868924,80983.18208150164,0.8735275689223059,0.03267238304958914,3.313553399669801,0.5,0.18019417095263515,0.0,0.0,1009.1623640929454,0.0,0.0,18.966666666666665,35.219273485232584,120.48937688957568,3.6651230452650903,0.2358977907814725,5.469664212066491,11.39628807616104,23.0,5.260869565217392,1.5729934203280245,0.043478260869565216,0.11547524632260578,235.12380952380946,195.3114510275686,0.5,0.03074377309506726,3.2842056992991107,0.9560776942355889,0.028925464968262076,20.80028426285724,70.0058533448656,264.18680582175875,883.8986692285275,61.890651526884945,195.86147321141354,50.799588999143815,157.19126040112286,15.593111260133549,42.527759998939025,0.28749653544041,0.23589779078147252,0.9437969924812031,0.028358312619940887,22.0,0.7333333333333333,0.03866432337434095,2.75,1.3887301496588271,1.2941176470588236,0.46966821831386213,30.0,0.0,0.0,2.0,0.25517241379310346,1.0,569.0,3.0,30.0,29.0,9.434854297315367,0,0.9174498746867167,0.02737968981971856,0.7665845035957077,0.8980576441102756,0.030752221832225715,248.59369456162523,843.0459057176695,3.2842056992991107,34.906412876439425,119.67525362543513,0.0,1.3095524964736975,1.235695814243855,0.0,0.0,53.294887356690836,165.81691897255814,4.4,1.8997607504869949,0.1328474557790727,0.13019411600529007,0.17017663043478262,0.11827048167953612,15063.218445868939,62593.58026189671,0.03333333333333333,0.12752755541368171,0.2334154964042922,0.8875939849624059,0.050326975293406545,569,31,0.0
breast_cancer_original,LogisticRegression,0.9825,0.07430208392137559,0.12261384976043915,2.999955970180525,4.8835063889264575e-05,0.05272407732864675,0.8928884711779448,0.03233365013611678,0.8799571879598335,0.0,0.0,0.05158464086252799,0.03583982015886093,0.9526351224018599,0.3948966255659125,0.2638053637781839,676.4651048521349,9367.754876816132,15063.21854191329,80983.16589235152,0.8506892230576442,0.03408640318085343,3.105245541925668,0.5,0.18019417095263515,54.205967045780206,168.8528853807463,1009.1627866986586,48.405412179993135,148.47946832596105,18.966666666666665,35.21501196666667,120.48750179568795,3.6458085500942636,0.22568425948582166,7.698004820620204,12.717419701151139,22.0,4.954545454545454,1.2140947137789433,0.04545454545454545,0.12134757803349355,166.17142857142858,97.39510214382825,0.5,0.06428243465332248,3.431144171075264,0.9560463659147869,0.027773871277620973,20.797861403199995,70.00092902515408,264.18550833333336,883.8964955090008,61.89071233951963,195.86138598399455,50.799370566666674,157.19118789388529,15.604080393333332,42.524969915309626,0.3067825424881211,0.2256982873889457,0.9367794486215537,0.029982874313937462,21.0,0.7,0.03690685413005272,3.0,1.8257418583505538,1.5,1.0919284281983377,30.0,0.0,0.0,2.0,0.3333333333333333,1.0,569.0,0.0,30.0,29.0,8.778770153770033,0,0.9156954887218045,0.03171387988991527,0.7743246526421776,0.9015977443609022,0.04064223646608022,248.58142794000005,843.0459424096767,3.431144171075264,34.90471860323657,119.67576524672171,0.0,1.7312413172800738,1.2719952728878507,0.0002087540337474961,0.00015182160995835746,53.29460552322644,165.81689209219886,4.093023255813954,1.6302782918784449,0.15781536441923114,0.13498921418359391,0.18110795454545456,0.10590906115298802,15063.21854191329,62593.5469611878,0.03333333333333333,0.12772652224057282,0.22567534735782235,0.8875939849624059,0.051668159145326256,569,31,0.0
breast_cancer_sampled,SVM,0.967,0.04343956370364485,0.03332849858065911,2.8073223986361793,7.171902073086011e-05,0.06593406593406594,0.9185507246376812,0.037704687315876215,0.8819241561597773,0.0,0.0,0.06123499929100602,0.0431090474567037,0.9448506439764089,0.4041832795944559,0.26380371847858747,629.4263213464776,8807.000471472793,14223.095528296726,76567.0447130572,0.8768599033816425,0.030039393354107352,3.0562910755145354,0.5,0.19426010472157898,53.753960203065894,167.2777227305315,1018.3052498308049,47.92423407120066,146.76872183988976,15.166666666666666,35.537378450000006,121.94412594156158,3.4430236125906655,0.23040431427516417,5.163966774727064,9.41328022878762,15.0,4.6,1.5491933384829666,0.06666666666666667,0.15439388182453692,107.37142857142857,81.44584134801664,0.5,0.14142135623730948,3.500251912768681,0.9515458937198067,0.027184187238842333,21.317392859700004,71.98092862295316,216.5521183333334,732.9690552921153,61.30101228817583,193.9501204252161,50.52065246666667,156.24289998618633,15.64264706,42.520449582296585,0.30914943002192313,0.23042914706308718,0.9428502415458938,0.02585636942156326,14.0,0.4666666666666667,0.03076923076923077,2.0,0.816496580927726,1.75,1.0350983390135313,30.0,0.0,0.0,2.0,0.3448275862068966,1.0,455.0,1.0,30.0,29.0,8.080794353840796,0,0.9315942028985507,0.0339764635704678,0.7777902172181352,0.8370531400966182,0.05096614541595597,200.9094712733334,691.6652757983252,3.500251912768681,33.65875611842031,116.36824871275333,0.0,1.5216684643519096,1.009273912482754,0.00021293365885490827,0.0001562733289414568,53.05795654871795,164.9814345903138,3.793103448275862,1.820112051982899,0.13838267973760646,0.11223711944927538,0.221875,0.13748351159255945,14223.09552829674,59406.04752291193,0.03333333333333333,0.136848632736337,0.2222097827818648,0.8747826086956522,0.058219097015310556,455,31,0.0
breast_cancer_shuffled,LogisticRegression,0.9561,0.051600592148955196,0.06207481334634088,2.999955970180525,4.8835063889264575e-05,0.05272407732864675,0.894454887218045,0.04336466572803902,0.879957187959834,0.0,0.0,0.05158464086252799,0.03583982015886093,0.9526351224018599,0.3948966255659125,0.2638053637781839,676.465104852135,9367.754876816134,15063.218541913286,80983.16589235154,0.8558583959899748,0.05844454773165077,3.105245541925668,0.5,0.18019417095263515,54.20596704578019,168.85288538074622,1009.1627866986593,48.40541217999314,148.47946832596108,18.966666666666665,35.21501196666667,120.48750179568795,3.6458085500942636,0.22568425948582166,7.698004820620205,12.71741970115114,22.0,4.954545454545454,1.2140947137789433,0.04545454545454545,0.12134757803349355,166.17142857142858,97.39510214382825,0.5,0.06428243465332248,3.4311441710752835,0.9543233082706767,0.014745995041568517,20.797861403199995,70.00092902515408,264.18550833333336,883.8964955090008,61.89071233951963,195.86138598399455,50.799370566666674,157.19118789388529,15.604080393333332,42.524969915309626,0.3067825424881211,0.2256982873889457,0.938408521303258,0.025521506294746733,21.0,0.7,0.03690685413005272,3.0,1.8257418583505538,1.5,1.3445044840729643,30.0,0.0,0.0,2.0,0.3333333333333333,1.0,569.0,0.0,30.0,29.0,8.778770153770033,0,0.9225563909774437,0.037648711674727185,0.7743246526421786,0.694172932330827,0.036463617431301616,248.58142794000005,843.0459424096767,3.4311441710752835,34.90471860323657,119.67576524672171,0.0,1.731241317280074,1.2719952728878505,0.0002087540337474961,0.00015182160995835746,53.29460552322644,165.81689209219886,4.093023255813954,1.6302782918784449,0.15781536441923114,0.13498921418359391,0.18110795454545456,0.10590906115298802,15063.218541913293,62593.54696118781,0.03333333333333333,0.1276995212378646,0.22567534735782135,0.8874686716791981,0.04637080663906441,569,31,0.0
diabetes_noisy,LinearRegression,0.4604,0.03779064138040309,0.032977151324869954,2.8072965826921865,2.502755077851199e-05,0.02262443438914027,0.0,0.0,0.7229676204973925,0.06883998014672717,0.0,0.492069997978615,0.022058550549540857,7.54183975621641,0.30342494547368337,0.170124514418776,0.0007204191886393384,0.0004022929853502328,0.002373070526505169,0.002602683064833433,0.0,0.0,4.167029430511539,0.004672897196261682,0.002552348431491412,0.0,0.0,0.09868875500882547,0.0,0.0,44.2,0.0705641454509674,0.009310047255110768,8.539252371928649,0.051367233391697194,-0.09356181907598549,0.7885199994993174,387.0,14.11111111111111,5.3364088714286835,0.002583979328165375,0.0008708017692944784,1586385130.1617405,15215491220.902695,0.004672897196261682,0.0023026537365299984,12.421591301071608,0.0,0.0,0.04880847677796403,0.002681145790491332,0.15571423828934428,0.03983332787315108,0.00015395420920601613,0.0005370248453742465,-0.005577114699942839,0.009261493729898315,-0.11136682995719223,0.023009723203114122,1.8098839669799465,0.05137191230795184,0.0,0.0,386.0,38.6,0.8733031674208145,11.352941176470589,11.65639986247944,38.6,5.641118880348316,10.0,0.0,0.0,214.0,0.11111111111111112,10.0,442.0,1.0,10.0,7.0,0.5510920224220603,0,0.0,0.0,5.2694722886760355,0.0,0.0,0.2670810682465365,0.050030464774031856,3.0359798878311626,0.0487127287510246,0.0003952272683319832,0.0,0.3554855371670808,0.28207525173245157,0.0,0.0,-0.002341602600593981,0.0021975607307394745,13.13065976714101,5.493967884267824,0.0275836242854208,0.0593469126161308,0.014020400126320274,0.041187756475815525,0.0023730705265051677,3.8587142219338325e-05,0.1,0.016477291437352617,0.00043241655329806966,0.0,0.0,442,11,0.0
diabetes_original,LinearRegression,0.4526,0.04947984757989594,0.052779308698901926,2.5392091774532415,0.6032837421009233,0.02262443438914027,0.0,0.0,0.7148076289453489,0.07374423788157085,0.0,0.4932578402811174,0.014978237406491256,7.54183975621641,0.32175361582954387,0.1769449422784215,0.0007296000358946563,0.0004012356967764651,0.002267573696145122,0.0026262687206658536,0.0,0.0,4.680803272090315,0.004672897196261682,0.002552348431491412,0.0,0.0,0.08932972521878155,0.0,0.0,44.2,0.06962874260356706,0.010480497233305597,8.469821262302801,0.1642363220314568,-0.09977355519691597,0.8242121397239051,394.0,12.690355329949238,4.715904374761286,0.0025380710659898475,0.0008082148292398112,52298426.64179204,333809671.2164461,0.004672897196261684,0.0022580853555472665,11.978306607392241,0.0,0.0,0.043470517809938686,0.015765524269398933,0.14523299559977582,0.04347386443579273,-6.631196346177404e-18,7.97792144723061e-17,-0.007255429348906095,0.013617515348236332,-0.10395010032435756,0.027568021948292627,1.61122767136685,0.44349245718407987,0.0,0.0,393.0,39.3,0.8891402714932126,14.035714285714286,12.3782429880375,39.3,10.801748829600594,10.0,1.0,0.0,214.0,0.13333333333333333,10.0,442.0,0.0,10.0,7.0,0.5759468525631505,0,0.0,0.0,5.15844337757132,0.0,0.0,0.24918309592413337,0.05970360354058458,3.019084651878051,0.04761904761904758,2.512522710995718e-17,0.0,0.36091823100679293,0.3021825792471178,0.05767767523755637,0.1551103072331031,-0.002622340654476643,0.0024113425428850615,11.707750952986023,4.899340808231192,0.03559355790337501,0.06409428136035458,0.016366492389573665,0.03321586675831221,0.0022675736961451213,2.4786926272327156e-18,0.1,0.02995401497063203,0.0005376218048269373,0.0,0.0,442,11,0.0
diabetes_sampled,LinearRegression,0.4871,0.05502152545013925,0.05451855910894094,2.544277078614033,0.5978724898634675,0.02824858757062147,0.0,0.0,0.7411857631916552,0.07831208919634594,0.0,0.5407717154338358,0.01558579253391933,7.367319171446903,0.3322858396534944,0.17449344996831648,0.0007657479210973906,0.0004058687136969251,0.0022988561637111602,0.0027348779285075848,0.0,0.0,4.292917025551134,0.005291005291005291,0.002891335117057395,0.0,0.0,0.08932972521878155,0.0,0.0,35.4,0.06993545025959022,0.010264321361652307,8.195439350778432,0.1334613715055174,-0.13755809473423417,0.7898293554279034,307.0,11.039087947882736,3.257736365064865,0.003257328990228013,0.0011623047710876708,608669.112475141,2800017.785599426,0.005291005291005291,0.0024953166011314285,14.333671885672375,0.0,0.0,0.04346283373145663,0.015746681572995358,0.1448648318193671,0.04315000995227168,3.378391044448209e-05,0.0013997089643495446,-0.006844164841397923,0.014279073074464046,-0.10395010032435756,0.027568021948292627,1.7161568992825038,0.47052418451212097,0.0,0.0,306.0,30.6,0.864406779661017,14.571428571428571,12.796762983549508,30.6,9.39503414930817,10.0,1.0,0.0,189.0,0.13333333333333333,10.0,354.0,0.0,10.0,6.0,0.48254339663101453,0,0.0,0.0,5.54875840540863,0.0,0.0,0.24881493214372466,0.05947950061365058,3.521978275772533,0.04794101301996055,0.0007567726292429059,0.0,0.3435337143279719,0.2991944034119161,0.05779911124852334,0.1549765151198022,-0.0024287451213119505,0.003152886733175981,10.058727569331158,3.518365867597433,0.04955584218534416,0.07003553307961305,0.020237239253637455,0.03905793810194803,0.0022988561637111607,7.19090103996811e-05,0.09999999999999998,0.03372698270012889,0.00021230956877608565,0.0,0.0,354,11,0.0
diabetes_shuffled,LinearRegression,0.3799,0.04947984757989594,0.052779308698901926,2.5392091774532415,0.6032837421009233,0.02262443438914027,0.0,0.0,0.7148076289453489,0.0737442378815708,0.0,0.4932578402811174,0.014978237406491256,7.54183975621641,0.32175361582954387,0.17694494227842153,0.0007296000358946563,0.00040123569677646514,0.0022675736961451226,0.002626268720665855,0.0,0.0,4.680803272090315,0.004672897196261682,0.002552348431491412,0.0,0.0,0.08932972521878155,0.0,0.0,44.2,0.06962874260356706,0.010480497233305597,8.469821262302801,0.1642363220314568,-0.09977355519691518,0.8242121397239058,394.0,12.67005076142132,4.597019334945695,0.0025380710659898475,0.0008082148292398112,27296169.695158307,164463445.71577737,0.004672897196261684,0.0022580853555472665,11.978306607392238,0.0,0.0,0.043470517809938686,0.015765524269398933,0.14523299559977582,0.04347386443579273,-6.60607817819946e-18,7.991619069034091e-17,-0.007255429348906095,0.013617515348236332,-0.10395010032435756,0.027568021948292627,1.61122767136685,0.44349245718407987,0.0,0.0,393.0,39.3,0.8891402714932126,14.555555555555555,12.56470432886484,39.3,14.071642090072894,10.0,1.0,0.0,214.0,0.13333333333333333,10.0,442.0,0.0,10.0,7.0,0.5759468525631505,0,0.0,0.0,5.15844337757132,0.0,0.0,0.24918309592413337,0.05970360354058458,3.019084651878051,0.04761904761904758,2.3587703612515317e-17,0.0,0.36091823100679293,0.3021825792471179,0.05767767523755637,0.1551103072331031,-0.002622340654476643,0.0024113425428850615,11.687420584498094,4.785089418467638,0.03703309518436488,0.06533038625560875,0.016312104002170758,0.033381270185381874,0.0022675736961451213,2.3443739340197667e-18,0.10000000000000002,0.03740489413920087,0.0005376218048269382,0.0,0.0,442,11,0.0
digits_noisy,SVM,0.9778,0.009555230683288668,0.008470352856654014,3.584956462671865,0.0,0.035614913745130775,0.1969925512104283,0.003708799278673716,0.8035017428373289,0.11947269937651915,0.0,0.04106181474070961,0.024914163180615578,3.3217753538402386,0.11373055529024431,0.13250312528956867,2.2333775281677024,3.627807380667357,18.783637913101966,37.1963579577685,0.16801986343885783,0.026596827579276436,10.056890050677838,0.1,0.0015307498449844393,0.0,0.0,25.50896779193034,0.0,0.0,28.078125,5.972442856624646,5.127694728557778,6.576433350773547,0.20152701815619875,93.16003182629794,265.8784449039591,154.0,9.272727272727273,2.5572471086711372,0.006493506493506494,0.01701583799474704,28090.343434343427,46800.58116097369,0.09999999999999999,0.03242421352566927,26.28407425660586,0.9165176908752327,0.03267076923735425,3.6645254690247895,3.7543674881888855,13.081450584611234,5.354684092240922,4.884186879586961,4.207705966722241,4.719622014510278,5.04337916819336,-0.030165288750350405,0.005386014389549479,0.330298465738556,0.20152701815619875,0.8542302917442584,0.0641300239944972,153.0,2.390625,0.08514190317195326,10.2,7.123402076455965,2.8333333333333335,1.6223672431660205,64.0,0.0,0.0,10.0,0.02976190476190476,9.0,1797.0,3.0,64.0,33.0,9.853687905136976,0,0.9755183116076971,0.016608649279406154,5.924725263854121,0.1001644941030416,0.010133298255469953,13.111615873361584,5.352700597983989,7.57576605788009,3.684641033931509,2.299936973970441,4.001005076490044,4.0627487392002735,8.332883253353005,0.0,0.0,4.734812552516917,4.729162692956323,8.306188925081432,2.863574621212008,0.07231535472722239,0.08842087714336187,0.03736580192268669,0.053849578700019385,18.783637913101973,14.914868877837835,0.015625,0.026196392753280902,1.7707893997619103e-05,0.1185195530726257,0.018088675184483236,1797,65,0.0
digits_original,SVM,0.975,0.056729366063449777,0.13591247884266686,1.9967445761797202,1.2683259327373226,0.035614913745130775,0.1975512104283054,0.0038809005263216586,0.8029845506779925,0.11981669008317668,0.0,0.13586499196450696,0.10425031978044785,3.3217753538402386,0.0,0.0,2.233279269117175,3.6277856129884483,18.783558002510993,37.195949497670746,0.11630974549968962,0.03933102666250364,10.334824292526234,0.1,0.0015307498449844393,0.0,0.0,25.51146176714281,0.0,0.0,28.078125,5.96875,5.136142552291585,4.997104174916853,1.0964362254289397,0.0,0.0,168.0,9.095238095238095,2.393199184811156,0.005952380952380952,0.016100535133929138,29564.636430236427,62765.45174331638,0.1,0.03656396666599823,26.23284186525398,0.9170701427684668,0.03262058525249616,3.66016875,3.7634253629506187,13.0625,5.350789883835131,4.884164579855314,4.2077633024824745,4.71875,5.044150313080725,0.0,0.0,0.3214157551031056,0.21091300931282114,0.8113904407200497,0.06675246788443155,167.0,2.609375,0.09293266555370061,11.133333333333333,8.879081891620059,3.4791666666666665,2.1732374451283047,64.0,3.0,0.0,10.0,0.030257936507936505,9.0,1797.0,0.0,64.0,30.0,5.212341941791848,0,0.9749627560521414,0.01800430948880844,5.917906011427741,0.1825108628181254,0.022063433878025708,13.0625,5.350789883835131,7.584137517565443,3.684031635638865,2.300910828097241,0.0,0.0,0.0,0.14192842845590245,0.2190100736052651,4.733940569972196,4.730131021012112,8.125373134328358,2.725316181381095,0.07112796357878363,0.09130756887704396,0.03595697312127976,0.048225467014383044,18.78355800251099,14.915130547869877,0.015625,0.02279809320868105,1.802087766431852e-05,0.10128491620111732,0.002567537366141399,1797,65,0.0
digits_sampled,SVM,0.9826,0.027004284536478157,0.04645794823250963,1.9333750135438936,1.2271759832621338,0.04450625869262865,0.2016656954156954,0.005512939018462929,0.8045943703445917,0.1206253581641728,0.0,0.15445751477165348,0.11871694144167486,3.3208873742985334,0.0,0.0,2.227690686771952,3.604638553859111,18.733748247561223,37.01388484194792,0.19613442113442112,0.04294686121292284,10.285197065237346,0.1,0.003985401446515984,0.0,0.0,34.387746854862634,0.0,0.0,22.46875,5.98046875,5.140931429931925,4.93138210142354,1.0531079021417944,0.0,0.0,151.0,8.920529801324504,2.4536318083144883,0.00662251655629139,0.017433375124208415,26512.926184926182,59222.870184612635,0.09999999999999999,0.04319609435615882,26.721175527847173,0.9534236596736596,0.017910174715098346,3.6138375,3.7625561112095056,13.015625,5.458333333333333,4.86928459666203,4.199090526246331,4.71875,5.0723925978444,0.0,0.0,0.3228802864188873,0.21153870103273423,0.8567647630147629,0.03101467482235991,150.0,2.34375,0.1043115438108484,10.0,7.736739808029145,3.125,1.6837774149152624,64.0,2.0,0.0,10.0,0.02976190476190476,9.0,1438.0,0.0,64.0,27.0,4.987900453716887,0,0.9868006993006994,0.006900888328851914,5.94275272336977,0.17108100233100232,0.014474508216316271,13.015625,5.458333333333333,7.731060576043331,3.6789471484673513,2.2981778568431084,0.0,0.0,0.0,0.16186586635707045,0.2621490829246258,4.7118959780092595,4.717432935496919,7.953488372093023,2.774496252901478,0.07113211508560242,0.09148651940301777,0.03949742601407285,0.05037667567090313,18.733748247561223,14.87462829770459,0.015624999999999998,0.024666123582499675,1.6281290383267134e-05,0.10361305361305362,0.0020196416053721885,1438,65,0.0
digits_shuffled,SVM,0.9778,0.0621740750835435,0.1372183656018865,1.9967445761797202,1.2683259327373226,0.035614913745130775,0.19755121042830542,0.0038907886852427138,0.8029845506779923,0.11981669008317662,0.0,0.13586499196450696,0.10425031978044785,3.3217753538402386,0.0,0.0,2.233279269117175,3.627785612988448,18.783558002510986,37.19594949767072,0.20813159528243327,0.02170115278723392,10.334824292526234,0.1,0.0015307498449844393,0.0,0.0,25.51146176714281,0.0,0.0,28.078125,5.96875,5.136142552291585,4.997104174916853,1.0964362254289397,0.0,0.0,169.0,9.124260355029586,2.408307215887851,0.005917159763313609,0.0160587297920869,30183.173803973805,63020.45716483109,0.1,0.03673619659990517,26.23284186525395,0.9543699565487274,0.018330184009971065,3.66016875,3.7634253629506187,13.0625,5.350789883835131,4.884164579855314,4.2077633024824745,4.71875,5.044150313080725,0.0,0.0,0.3214157551031056,0.21091300931282114,0.8391899441340783,0.04269013795148009,168.0,2.625,0.09348914858096828,11.2,8.7765922446341,3.5,1.9569842191603266,64.0,3.0,0.0,10.0,0.030257936507936505,9.0,1797.0,0.0,64.0,30.0,5.212341941791848,0,0.9872004965859714,0.007453575720554527,5.917906011427739,0.1007231533209187,0.0017182352264416233,13.0625,5.350789883835131,7.58413751756546,3.6840316356388647,2.300910828097241,0.0,0.0,0.0,0.14192842845590245,0.2190100736052651,4.733940569972196,4.730131021012112,8.154302670623146,2.7385998883725304,0.0711279913072023,0.09130564531464853,0.035741320728550297,0.048167628818830056,18.78355800251099,14.915130547869875,0.015625,0.02235744764424603,1.802087766431865e-05,0.1007231533209187,0.0017182352264416233,1797,65,0.0
iris_noisy,RandomForest,0.9667,0.2099999112499897,0.10271782389902108,2.3219280948873626,0.0,0.02666666666666667,0.6666666666666667,1.1702778228589004e-16,0.7284183338040148,0.3624658334554442,0.0,0.25449994341249726,0.11208114605435668,1.584962500721156,0.5943965561564918,0.337758369304565,0.5965216096334639,0.5574333992229381,1.1417978626466294,2.0558337743491224,0.9400000000000001,0.049190985824841445,1.8770806948383743,0.3333333333333333,0.0,3.2218470631249145,2.02504147433299,3.2068250360325523,2.9763833698313635,2.149576514169754,37.5,1.705448583759624,1.2755711933690979,3.062514269604255,0.37193084005065896,-0.8083542519606112,0.7361295557600461,8.0,4.125,1.8850918886280925,0.125,0.159950389134028,47.2,28.214147076211525,0.3333333333333333,0.19094065395649332,32.26208247152415,0.9800000000000001,0.04499657051403685,1.083804056188093,0.5781260991283513,5.4209952915646085,2.4354503098955305,3.463686008115495,1.919461021857696,3.6127673611257394,1.915904367392352,1.8377302521090007,1.8102670040789681,0.8443763260042633,0.37193084005065896,0.9533333333333334,0.04499657051403685,7.0,1.75,0.04666666666666667,1.1666666666666667,0.408248290463863,1.75,0.9574271077563381,4.0,0.0,0.0,3.0,0.5,2.0,150.0,1.0,4.0,1.0,1.7498735141890267,0,0.9666666666666666,0.04714045207910316,1.192568018466184,0.6666666666666667,1.1702778228589004e-16,3.5832650394556085,1.6296346796064594,31.97525708944475,0.9476188030075727,0.5701654342768993,1.2724177791452271,0.05931156973212179,0.2898543494601592,0.0,0.0,3.4704754533288362,1.906415680378088,3.466666666666667,1.9223002094465098,0.15936699691928946,0.12648818742533047,0.25390625,0.17553926796649882,1.1417978626466287,1.329408541226121,0.25,0.2793834330682321,0.02356634282825299,0.6066666666666667,0.0733669956409741,150,5,0.0
iris_original,SVM,0.9667,0.20980476831180148,0.11958798177321278,2.2771912775084115,0.06103943244855649,0.02666666666666667,0.6666666666666667,1.1702778228589004e-16,0.7280089563896471,0.3631869233645227,0.0,0.2734738413312675,0.1409109632722399,1.584962500721156,0.594116025760156,0.3375443182856703,0.5966542132736763,0.5582672431248461,1.1432392617449663,2.0587713015069746,0.8800000000000001,0.0877707451472511,1.8780672345507203,0.3333333333333333,0.0,3.2230731578977903,2.0229431040263726,3.2082811597489393,2.9783891110628673,2.145948231748242,37.5,1.7000000000000002,1.2754084313139324,3.0182209990602864,0.3821875549207217,-0.8105361276250795,0.7326910069728161,9.0,3.7777777777777777,1.2018504251546631,0.1111111111111111,0.15051762539834182,37.46666666666667,13.142298124757328,0.3333333333333333,0.22222222222222224,32.47731656819027,0.9800000000000001,0.04499657051403685,1.0934175,0.5785781994035033,5.425000000000001,2.4431878083083722,3.4645000000000006,1.918485079431164,3.6125000000000003,1.919364043982624,1.8499999999999999,1.8083141320025125,0.8439327791692814,0.4222019352579776,0.9533333333333334,0.04499657051403685,8.0,2.0,0.05333333333333334,1.6,0.8944271909999159,2.6666666666666665,1.5275252316519465,4.0,0.0,0.0,3.0,0.5,2.0,150.0,1.0,4.0,1.0,1.698308838945617,0,0.96,0.05621826951410451,1.191898822470074,0.6666666666666667,1.1702778228589004e-16,3.5750000000000006,1.6500000000000001,32.19192552430586,0.9478670787835934,0.5712994109375844,1.2708666438750897,0.06273198447775735,0.29439896290757683,0.0287147773948895,0.011032357470087495,3.4705555555555554,1.9048021402275979,3.0588235294117645,1.4348601079588785,0.19491705385114735,0.13300709991513865,0.2708333333333333,0.10711960313126631,1.1432392617449665,1.3325463926454557,0.25,0.44925548152944056,0.023438633222270636,0.6066666666666667,0.0798145999825243,150,5,0.0
iris_sampled,DecisionTree,0.9583,0.25493635469268017,0.16982955694120705,1.9814373290139966,0.015962107343389115,0.03333333333333333,0.6833333333333333,0.03513641844631534,0.7269942074354065,0.364275238492465,0.0,0.327450865921461,0.14356638687061452,1.5828796247862342,0.6077797876695449,0.3347174655882143,0.6204651027077497,0.5729436007427363,1.1690414915966376,2.1185772528594726,0.9333333333333332,0.08606629658238704,1.879115415724497,0.3333333333333333,0.022047927592204926,3.184577528690151,2.0190464644385577,4.76892773018352,2.9468109432374052,2.1402896479636855,30.0,1.75,1.2922847983320083,2.72196335936923,0.32811207428813655,-0.8053753120343404,0.7878775721214029,7.0,3.2857142857142856,1.1126972805283737,0.14285714285714285,0.15938456372384108,23.333333333333336,6.024640760767093,0.3333333333333333,0.1649572197684645,31.95094644580117,0.9666666666666666,0.08050764858994133,1.1304824999999998,0.6557467898701446,5.425000000000001,2.4431878083083722,3.4297916666666666,1.9072524079641857,3.55,1.862793601019716,1.8499999999999999,1.8083141320025125,0.8423535944310008,0.343380671860102,0.9583333333333333,0.08098544298396251,6.0,1.5,0.05,1.5,0.5773502691896257,2.0,1.0,4.0,0.0,0.0,3.0,0.5,2.0,120.0,1.0,4.0,1.0,1.352263161353793,0,0.9583333333333333,0.08098544298396251,1.1897376046680121,0.6833333333333333,0.03513641844631534,3.5750000000000006,1.6500000000000001,31.668322426054697,0.9589154379334583,0.5767988378276807,1.2378715520528654,0.11231045903880635,0.2608730172965397,0.028920659172760012,0.010582489190920997,3.4184027777777777,1.8946556764908096,2.6153846153846154,1.325296290046213,0.2580005327400437,0.08275120230510061,0.32142857142857145,0.0983494740586804,1.1690414915966385,1.3617074708544668,0.25,0.2855336849163457,0.023865679168192853,0.6,0.11653431646335016,120,5,0.0
iris_shuffled,SVM,0.9667,0.20980476831180148,0.11958798177321278,2.2771912775084115,0.06103943244855649,0.02666666666666667,0.6666666666666667,1.1702778228589004e-16,0.7280089563896478,0.363186923364523,0.0,0.2734738413312675,0.1409109632722399,1.584962500721156,0.594116025760156,0.3375443182856703,0.5966542132736764,0.5582672431248461,1.1432392617449667,2.058771301506975,0.9533333333333334,0.04499657051403685,1.8780672345507203,0.3333333333333333,0.0,3.2230731578977903,2.0229431040263726,3.2082811597489385,2.9783891110628673,2.145948231748242,37.5,1.7000000000000002,1.2754084313139324,3.0182209990602864,0.3821875549207217,-0.8105361276250802,0.7326910069728164,9.0,3.7777777777777777,1.2018504251546631,0.1111111111111111,0.15051762539834182,37.46666666666667,13.142298124757328,0.3333333333333333,0.22222222222222224,32.47731656819222,0.9800000000000001,0.032203059435976525,1.0934175,0.5785781994035033,5.425000000000001,2.4431878083083722,3.4645,1.9184850794311643,3.6125000000000003,1.919364043982624,1.8499999999999999,1.8083141320025125,0.8439327791692814,0.4222019352579776,0.9533333333333334,0.06324555320336757,8.0,2.0,0.05333333333333334,1.6,0.8944271909999159,2.0,1.4142135623730951,4.0,0.0,0.0,3.0,0.5,2.0,150.0,1.0,4.0,1.0,1.698308838945617,0,0.9600000000000002,0.05621826951410451,1.1918988224700762,0.5266666666666666,0.09135468796041984,3.5750000000000006,1.6500000000000001,32.19192552430781,0.9478670787835936,0.5712994109375845,1.2708666438750906,0.06273198447775795,0.29439896290757606,0.0287147773948895,0.011032357470087495,3.4705555555555554,1.9048021402275979,3.0588235294117645,1.4348601079588785,0.19491705385114735,0.13300709991513865,0.2708333333333333,0.10711960313126631,1.1432392617449665,1.332546392645456,0.25,0.4487534065700905,0.02343863322226923,0.6066666666666667,0.06629526173411687,150,5,0.0
linnerud_noisy,LinearRegression,-1.2407,0.22666663573332993,0.10327956003004748,1.0,0.0,0.15,0.0,0.0,0.8603194143884568,0.10805328606186845,0.0,0.7999999120000273,0.10000004400004242,3.9219280948873627,0.6202270236115872,0.10867890605868658,837.1773147675148,1135.418663625117,2190.7246252352243,2932.954573281128,0.0,0.0,4.902435971736388,0.0625,0.022360679774997897,66.14208341453029,62.543408288579066,182.75518007439334,58.32187766355742,56.8418183870725,6.666666666666667,54.40817893285364,50.797509702770824,4.121932313708755,0.09999977303808061,0.5761577404663963,3.5955263327303326,17.0,4.9411764705882355,1.7489492643904123,0.058823529411764705,0.019647631199834394,161.8857142857143,160.11204155322028,0.06249999999999999,0.014705882352941176,18.863509193515593,0.0,0.0,33.11227981768455,31.676946679251092,172.66853229864958,134.81679390138459,75.0996864562214,68.1770739487262,62.66228714092431,56.010993542484556,25.329593193442395,24.498178942898818,0.7999957811786086,0.09999977303808061,0.0,0.0,16.0,5.333333333333333,0.8,2.0,0.9258200997725514,5.333333333333333,2.8867513459481287,3.0,0.0,0.0,16.0,0.6666666666666666,3.0,20.0,2.0,3.0,1.0,0.2500065919431868,0,0.0,0.0,2.2437995095786274,0.0,0.0,147.33893910520717,114.37654727581813,14.677310316030615,39.71066189231601,30.34274107532275,0.0,0.7156349494308815,1.2296920326160692,0.0,0.0,69.72265830431661,67.27235249982182,4.121212121212121,1.9962085273959946,0.11993997761284371,0.10765614247437583,0.19990808823529413,0.13896203203216104,2190.724625235224,1980.2206635701366,0.3333333333333333,0.16830122406628137,0.0071395432998350855,0.0,0.0,20,4,0.0
linnerud_original,LinearRegression,-1.2433,0.22666663573332993,0.10327956003004748,1.0,0.0,0.15,0.0,0.0,0.8603996628355234,0.10803330902286451,0.0,0.7999999120000273,0.10000004400004242,3.9219280948873627,0.6202312293434337,0.10860767432450684,837.1587719298246,1135.3513842091256,2190.6333333333337,2932.8142632124373,0.0,0.0,4.902435971736388,0.0625,0.022360679774997897,66.14273638322648,62.54444530571863,182.76077259630964,58.32353630110352,56.844483540515576,6.666666666666667,54.416666666666664,50.807438759824656,4.121932313708755,0.09999977303808061,0.5757205368339137,3.5945294432924055,18.0,4.777777777777778,1.3527990831890464,0.055555555555555566,0.016169041669088866,130.3047619047619,86.73839073542321,0.0625,0.018975834751777033,18.86866559532157,0.0,0.0,33.1114,31.66256518019347,172.66666666666666,134.8122150746487,75.10000000000001,68.17684724303406,62.666666666666664,56.00520809115286,25.333333333333332,24.5017006212494,0.7999957811786086,0.09999977303808061,0.0,0.0,17.0,5.666666666666667,0.85,2.4285714285714284,1.2724180205607036,5.666666666666667,1.1547005383792517,3.0,0.0,0.0,16.0,0.6666666666666666,3.0,20.0,2.0,3.0,1.0,0.2500065919431868,0,0.0,0.0,2.2442051311393056,0.0,0.0,147.33333333333334,114.369284920967,14.67692081745559,39.71010780235271,30.34157226460569,0.0,0.7154994666562832,1.2295840727496612,0.019177846577227386,0.013913561822637978,69.72222222222221,67.27144088882933,3.942857142857143,1.69675914514661,0.14269234791106908,0.0892445970100318,0.1987847222222222,0.12097798137315807,2190.633333333333,1980.1135177039719,0.3333333333333333,0.06439155635563308,0.007129130604091889,0.0,0.0,20,4,0.0
linnerud_sampled,LinearRegression,0.1528,0.26384476584126654,0.12022332020695023,0.9810444704044876,0.023727907153109004,0.1875,0.0,0.0,0.8554709127081175,0.11554250444630423,0.0,0.8694443943629985,0.13342016339698343,3.6249999999999996,0.6568050149116005,0.1101729283513577,893.4819444444444,1164.12095335217,2413.652777777778,3129.5263184387704,0.0,0.0,4.234610538481025,0.07692307692307693,0.027408063103344663,71.55752578701284,66.96161767353915,182.76077259630964,62.267431440352624,59.94188983278738,5.333333333333333,58.583333333333336,49.0034012424988,3.75000352707365,0.12499976981880034,0.0463377950952489,2.856667534773129,14.0,4.428571428571429,1.3985864135061359,0.07142857142857142,0.022696032475080095,84.93333333333332,47.89261492237153,0.0769230769230769,0.019810721293758177,14.798642429350009,0.0,0.0,38.547599999999996,39.30987458998056,172.66666666666666,134.8122150746487,81.375,73.25573249753224,76.83333333333333,74.6865672884578,25.333333333333332,24.5017006212494,0.8560409433308368,0.14307733508773884,0.0,0.0,13.0,4.333333333333333,0.8125,2.1666666666666665,0.752772652709081,4.333333333333333,2.8867513459481287,3.0,0.0,0.0,13.0,1.0,3.0,16.0,1.0,3.0,1.0,0.14602517326713924,0,0.0,0.0,2.222191588136427,0.0,0.0,147.33333333333334,114.369284920967,10.079232606850637,41.68647368577298,31.840791983471494,0.0,0.462508058354943,1.207480440811194,0.019943019943019946,0.018210811947977832,78.33333333333333,74.52632644464192,3.6296296296296298,1.6904288975138402,0.1596206819789216,0.12460283285599377,0.23214285714285715,0.13960058802105446,2413.652777777778,2165.3290361026243,0.3333333333333333,0.2219324170476424,0.00923555779879994,0.0,0.0,16,4,0.0
linnerud_shuffled,LinearRegression,-0.0105,0.22666663573332993,0.10327956003004748,1.0,0.0,0.15,0.0,0.0,0.8603996628355234,0.10803330902286436,0.0,0.7999999120000273,0.10000004400004242,3.9219280948873627,0.6202312293434339,0.1086076743245068,837.1587719298245,1135.3513842091254,2190.6333333333337,2932.8142632124373,0.0,0.0,4.902435971736388,0.0625,0.022360679774997897,66.14273638322645,62.54444530571864,182.76077259630964,58.32353630110351,56.84448354051556,6.666666666666667,54.416666666666664,50.807438759824656,4.121932313708755,0.09999977303808061,0.575720536833913,3.5945294432924055,18.0,5.111111111111111,1.9967293518589753,0.055555555555555566,0.016169041669088866,234.06349206349205,314.9382096915248,0.0625,0.018975834751777033,18.86866559532157,0.0,0.0,33.1114,31.66256518019347,172.66666666666666,134.8122150746487,75.10000000000001,68.17684724303406,62.666666666666664,56.00520809115286,25.333333333333332,24.5017006212494,0.7999957811786086,0.09999977303808061,0.0,0.0,17.0,5.666666666666667,0.85,1.8888888888888888,1.1666666666666667,5.666666666666667,3.055050463303893,3.0,0.0,0.0,16.0,0.6666666666666666,3.0,20.0,2.0,3.0,1.0,0.2500065919431868,0,0.0,0.0,2.244205131139306,0.0,0.0,147.33333333333334,114.369284920967,14.67692081745559,39.71010780235271,30.341572264605695,0.0,0.7154994666562828,1.229584072749661,0.019177846577227386,0.013913561822637978,69.72222222222221,67.27144088882933,4.285714285714286,2.2171978681557993,0.10541466745235448,0.1087602343767328,0.19422743055555555,0.13287706283484135,2190.633333333333,1980.1135177039723,0.3333333333333333,0.18015023670499145,0.007129130604091889,0.0,0.0,20,4,0.0
wine_noisy,RandomForest,1.0,0.07565040883651457,0.05145974362871863,2.3217912324162997,4.622227044373279e-16,0.07303370786516854,0.6196078431372549,0.09631995292972285,0.9232988333774619,0.03650317951463083,0.0,0.15228951175522465,0.07322758778697565,1.5668222768551812,0.304904858528487,0.1908904924505285,40.56271395376609,208.3923277164864,7645.479924734652,27509.210128288454,0.6529411764705882,0.09045724348358021,3.180421264289796,0.3333333333333333,0.06462709335856702,64.21453082961861,188.59043264161437,110.6111388174525,59.77964408879348,173.51485408632297,13.692307692307692,39.932163124005484,133.66930089018814,3.3959673637914225,0.23961805729268815,-0.0636914840525201,0.8957990044572252,12.0,3.8333333333333335,0.937436866561092,0.08333333333333333,0.12614223920054018,49.6,20.93939306231634,0.3333333333333333,0.16666666666666669,13.222678267918468,0.9888888888888889,0.02342427896421023,25.073985928999328,82.75333264999938,148.2865537630982,462.25603525423065,69.13369174778616,205.40025157773354,63.31195208108719,185.2220744255385,28.9709917836471,77.19752286814375,0.49264614548005814,0.23961805729268812,0.9777777777777779,0.028688765527462363,11.0,0.8461538461538461,0.06179775280898876,2.2,1.0954451150103321,1.5714285714285714,0.9759000729485333,13.0,0.0,0.0,3.0,0.1794871794871795,2.0,178.0,2.0,13.0,7.0,3.7128984032826122,0,0.7480392156862745,0.10056596266349803,1.7062939535470416,0.46045751633986925,0.10175073330292557,119.31556197945109,386.1759569616536,9.081732771597983,26.177557647218404,86.83451704472888,1.3575212969465875,0.34592847218901757,0.46427127241694566,0.0,0.0,65.07134216031854,191.57115586397902,3.0434782608695654,1.3644266484686465,0.2250678929757294,0.1912918265893657,0.28125,0.10321535298059631,7645.479924734652,27498.68969110801,0.07692307692307693,0.12992052677086188,0.019293979763859215,0.5964052287581699,0.11948108493662943,178,14,0.0
wine_original,RandomForest,1.0,0.07055402826610913,0.04258144454216049,2.3173058075119184,0.008828109443088206,0.07303370786516854,0.6196078431372549,0.09631995292972285,0.9231669353453248,0.03668568639683218,0.0,0.15279085821137312,0.07145183132247508,1.5668222768551812,0.3049574813503491,0.190846485789919,40.57076594677671,208.40387175188707,7645.500383967174,27509.28197693809,0.6362745098039215,0.08330378105299753,3.1829061453642518,0.3333333333333333,0.06462709335856702,64.21452561911116,188.5902292675184,110.61064078790011,59.77978348302762,173.51459718488854,13.692307692307692,39.92980769230769,133.66988409129698,3.3918665456041106,0.23309370719414707,-0.06027572892649051,0.8985753453755335,12.0,3.75,0.7537783614444091,0.08333333333333333,0.1265510065295304,46.13333333333333,16.228668983305347,0.3333333333333333,0.16666666666666669,13.209781242459215,0.9774509803921569,0.029125941127316323,25.07988969230769,82.76359274596284,148.29,462.2572358726975,69.13366292091617,205.40009623991108,63.315000000000005,185.22393743790244,28.970769230769232,77.19790028033344,0.4922615387629892,0.23705787175437384,0.9777777777777779,0.028688765527462363,11.0,0.8461538461538461,0.06179775280898876,2.2,1.3038404810405297,1.8333333333333333,1.1690451944500122,13.0,0.0,0.0,3.0,0.1794871794871795,2.0,178.0,1.0,13.0,7.0,3.7074687438208316,0,0.7480392156862745,0.10056596266349803,1.705820220616165,0.6245098039215686,0.0698774360684582,119.31923076923077,386.17714062464347,9.081183667231233,26.17778523132608,86.83457034141925,1.3624697482727142,0.3442888859609402,0.4654434849924635,0.006196757204043295,0.005509299527695418,65.07110826210827,191.5711233559107,2.9565217391304346,1.2605287804426009,0.23891722674639074,0.17305714131305633,0.2864583333333333,0.08514832201766658,7645.500383967176,27498.760290089074,0.07692307692307693,0.1339516592152292,0.019341486553574545,0.6408496732026144,0.11924448062231123,178,14,0.0
wine_sampled,LogisticRegression,1.0,0.07452091900430274,0.051417799523777626,2.3183834237303005,0.00407071816725966,0.09154929577464789,0.6690476190476191,0.07384791628224201,0.9237918326289881,0.04052141809615467,0.0,0.15064393791126035,0.07575127265301375,1.5631083492914644,0.3036099832678366,0.19065991853335265,41.467060740357816,218.2988671616531,7873.532438580282,28329.77650717757,0.6257142857142857,0.11814898930363049,3.219539874595837,0.3333333333333333,0.07053980845688602,64.08285967742701,188.08401244525317,99.56589313271398,59.461441507335394,172.33902632167508,10.923076923076923,39.56961538461538,132.71729908298093,3.3959850204496482,0.24191313998282465,-0.04373814722217406,0.9870300976515962,10.0,3.5,0.8498365855987975,0.1,0.13598014306470435,35.466666666666676,15.602468940428531,0.3333333333333333,0.15275252316519466,13.802230620269187,0.9857142857142858,0.030116930096841694,25.299998769230765,84.01475485775872,148.19846153846154,462.2880765613248,69.1723434447454,205.50672373037216,63.54307692307692,186.0480616057141,28.976153846153846,77.19574540720726,0.4855067525721166,0.24482738681146946,0.9785714285714286,0.03450327796711769,9.0,0.6923076923076923,0.06338028169014084,1.8,1.30384048104053,1.2857142857142858,0.7559289460184545,13.0,0.0,0.0,3.0,0.1923076923076923,2.0,142.0,4.0,13.0,7.0,3.7751826549228698,0,0.710952380952381,0.12340287308410589,1.708424685388572,0.5209523809523808,0.04336559064515347,119.22230769230768,386.20849563747834,9.770186962538052,26.54276958479554,88.12736033601864,1.3542071110511396,0.32643657071193144,0.5192082078787018,0.0064298993580537,0.005957695897013374,65.1891556350626,192.00494758157168,2.736842105263158,1.2841817655680772,0.19893251437612391,0.2408976261978372,0.31875,0.09409658158863514,7873.53243858029,28318.586096113075,0.07692307692307693,0.12876526010078945,0.018451528877032733,0.5138095238095237,0.05218578359160945,142,14,0.0
wine_shuffled,LogisticRegression,0.9722,0.0806533147418475,0.050500366078847524,2.3173058075119184,0.008828109443088206,0.07303370786516854,0.6633986928104576,0.061986303879986,0.9231669353453243,0.03668568639683265,0.0,0.15279085821137312,0.07145183132247508,1.5668222768551812,0.30495748135034906,0.19084648578991903,40.5707659467767,208.403871751887,7645.500383967174,27509.28197693809,0.6637254901960784,0.12639404963787973,3.1829061453642518,0.3333333333333333,0.06462709335856702,64.21452561911104,188.59022926751808,110.61064078790011,59.77978348302762,173.51459718488854,13.692307692307692,39.92980769230769,133.66988409129698,3.3918665456041106,0.23309370719414707,-0.06027572892649065,0.8985753453755333,12.0,3.75,0.7537783614444091,0.08333333333333333,0.1265510065295304,46.13333333333333,16.228668983305347,0.3333333333333333,0.16666666666666669,13.209781242459153,0.9944444444444445,0.01756820922315767,25.07988969230769,82.76359274596284,148.29,462.2572358726975,69.13366292091617,205.40009623991108,63.315000000000005,185.22393743790244,28.970769230769232,77.19790028033344,0.4922615387629892,0.23705787175437384,0.9777777777777779,0.053671765726627546,11.0,0.8461538461538461,0.06179775280898876,2.2,1.3038404810405297,1.375,1.0606601717798212,13.0,0.0,0.0,3.0,0.1794871794871795,2.0,178.0,1.0,13.0,7.0,3.7074687438208316,0,0.7643790849673202,0.05602243057716499,1.7058202206161632,0.5787581699346405,0.046073409389646505,119.31923076923077,386.17714062464347,9.08118366723121,26.17778523132608,86.83457034141925,1.362469748272714,0.34428888596094037,0.465443484992463,0.006196757204043295,0.005509299527695418,65.07110826210827,191.5711233559107,2.9565217391304346,1.2605287804426009,0.23891722674639074,0.17305714131305633,0.2864583333333333,0.08514832201766658,7645.500383967178,27498.760290089074,0.07692307692307693,0.12906367245032963,0.019341486553574726,0.5905228758169935,0.09526515922780508,178,14,0.0
